{"cameraMode":{"drawMode":0,"name":"Shaded","section":"Shading Mode"},"sceneLighting":true,"audioPlay":false,"sceneViewState":{"m_AlwaysRefresh":false,"showFog":true,"showSkybox":true,"showFlares":true,"showImageEffects":true,"showParticleSystems":true,"showVisualEffectGraphs":true,"m_FxEnabled":true},"in2DMode":false,"pivot":{"x":-5.301251411437988,"y":2.6514954566955568,"z":-3.524014949798584},"rotation":{"x":-0.18664348125457765,"y":-0.025935867801308633,"z":0.004929922055453062,"w":-0.9820780754089356},"size":3.007394790649414,"orthographic":false}